{
  "response": {
    "subject": "hrg:hre:task:HE-030101-ABCD12-ED-001-CLASSIFICATION",
    "dataschema": "tasks/EducationFulfilmentTaskResult",
    "datacontenttype": "application/json",
    "data": {
      "decision": "VERIFIED",
      "decisionDescription": "Education verified successfully with all details matching",
      "resultData": {
        "institutionName": "University of California, Berkeley",
        "city": "Berkeley",
        "region": "CA",
        "country": "US",
        "postalCode": "94720",
        "qualifications": [
          {
            "verify": false,
            "degree": "Bachelor of Science",
            "major": "Computer Science",
            "graduationDate": "2017-05-21",
            "tenure": {
              "startDate": "2013-09-19",
              "endDate": "2017-05-21",
              "current": false
            }
          },
          {
            "verify": true,
            "degree": "MS",
            "major": "Computer Science",
            "graduationDate": "2019-05-21",
            "tenure": {
              "startDate": "2018-09-19",
              "endDate": "2019-05-21",
              "current": false
            }
          }
        ]
      }
    }
  }
}

