{
  "response": {
    "subject": "hrg:hre:task:HE-030202-EFGH34-EM-002-CLASSIFICATION",
    "dataschema": "tasks/EmploymentFulfilmentTaskResult",
    "datacontenttype": "application/json",
    "data": {
      "decision": "VERIFIED",
      "decisionDescription": "Current employment verified - all information accurate",
      "resultData": {
        "employerOrgName": "Tech Innovations Inc.",
        "city": "Berkeley",
        "region": "CA",
        "country": "US",
        "positionHistory": {
          "title": "Senior Software Engineer",
          "startDate": "2018-11-16",
          "endDate": "",
          "mostRecentHireDate": "2023-11-19",
          "employeeStatusCode": "1",
          "employeeStatus": "Active",
          "compensationInfo": {
            "currency": "USD",
            "rateOfPay": "",
            "averageHoursPerPayPeriod": "",
            "dateOfPayIncreaseLast": "notKnown",
            "amountOfPayIncreaseLast": "",
            "dateOfPayIncreaseNext": "notKnown",
            "amountOfPayIncreaseNext": ""
          }
        }
      }
    }
  }
}

