{
  "response": {
    "subject": "hrg:hre:task:HE-030202-EFGH34-EM-002-CLASSIFICATION",
    "dataschema": "tasks/EmploymentFulfilmentTaskResult",
    "datacontenttype": "application/json",
    "data": {
      "decision": "VERIFIED",
      "decisionDescription": "Current employment verified - all information accurate",
      "resultData": {
        "employerOrgName": "JPMorgan Chase & Co.",
        "city": "New York",
        "region": "NY",
        "country": "US",
        "positionHistory": {
          "title": "Senior Financial Analyst",
          "startDate": "2021-07-01",
          "endDate": "",
          "mostRecentHireDate": "2019-03-15",
          "employeeStatusCode": "1",
          "employeeStatus": "Active"
        }
      }
    }
  }
}

