{
  "response": {
    "subject": "hrg:hre:task:HE-030505-QRST90-EM-005-CLASSIFICATION",
    "dataschema": "tasks/EmploymentFulfilmentTaskResult",
    "datacontenttype": "application/json",
    "data": {
      "decision": "VERIFIED",
      "decisionDescription": "International employment verified - all details confirmed with Canadian employer",
      "resultData": {
        "employerOrgName": "Shopify Inc.",
        "city": "Ottawa",
        "region": "ON",
        "country": "CA",
        "positionHistory": {
          "title": "Senior Product Designer",
          "startDate": "2021-09-01",
          "endDate": "",
          "mostRecentHireDate": "2018-03-15",
          "employeeStatusCode": "1",
          "employeeStatus": "Active"
        }
      }
    }
  }
}

