{
  "response": {
    "subject": "hrg:hre:task:HE-030101-ABCD12-EM-001-CLASSIFICATION",
    "dataschema": "tasks/EmploymentFulfilmentTaskResult",
    "datacontenttype": "application/json",
    "data": {
      "decision": "VERIFIED",
      "decisionDescription": "Employment verified successfully with all details matching",
      "resultData": {
        "employerOrgName": "Amazon Web Services",
        "city": "Seattle",
        "region": "WA",
        "country": "US",
        "positionHistory": {
          "title": "Software Development Engineer II",
          "startDate": "2020-08-15",
          "endDate": "2024-03-20",
          "mostRecentHireDate": "2018-06-01",
          "employeeStatusCode": "8",
          "employeeStatus": "Inactive"
        }
      }
    }
  }
}

