{
  "response": {
    "subject": "hrg:hre:task:HE-030404-MNOP78-EM-004-CLASSIFICATION",
    "dataschema": "tasks/EmploymentFulfilmentTaskResult",
    "datacontenttype": "application/json",
    "data": {
      "decision": "VERIFIED_WITH_DISCREPANCY",
      "decisionDescription": "Major discrepancy in employment dates - applicant stated end date as '2023-12' but records show '2022-11'",
      "resultData": {
        "employerOrgName": "Tesla Inc.",
        "city": "Fremont",
        "region": "CA",
        "country": "US",
        "positionHistory": {
          "title": "Manufacturing Associate",
          "startDate": "2020-02-01",
          "endDate": "2022-11-15",
          "mostRecentHireDate": "2020-02-01",
          "employeeStatusCode": "8",
          "employeeStatus": "Inactive"
        }
      }
    }
  }
}

