{
  "response": {
    "subject": "hrg:hre:task:HE-030303-IJKL56-EM-003-CLASSIFICATION",
    "dataschema": "tasks/EmploymentFulfilmentTaskResult",
    "datacontenttype": "application/json",
    "data": {
      "decision": "VERIFIED_WITH_DISCREPANCY",
      "decisionDescription": "Minor discrepancy in job title - applicant stated 'Nurse Manager' but records show 'Clinical Nurse Manager'",
      "resultData": {
        "employerOrgName": "Mayo Clinic",
        "city": "Rochester",
        "region": "MN",
        "country": "US",
        "positionHistory": {
          "title": "Clinical Nurse Manager",
          "startDate": "2019-01-10",
          "endDate": "2023-06-30",
          "mostRecentHireDate": "2015-08-01",
          "employeeStatusCode": "8",
          "employeeStatus": "Inactive"
        }
      }
    }
  }
}

