<?xml version="1.0" encoding="UTF-8" standalone="no"?>
<EducationScreeningList>
  <EducationScreening>
    <Screening type="education">
      <ProducerReferenceId idOwner="urn:hivp.hireright.com">
        <IdValue name="OrderServiceNo">ORD-001</IdValue>
        <IdValue name="ServiceId">1</IdValue>
        <IdValue name="HRSchoolId"></IdValue>
        <IdValue name="NSCHSchoolId">99999</IdValue>
      </ProducerReferenceId>
      <EducationVerificationReport>
        <EducationInput>
          <Contact>
            <PersonName>
              <GivenName>Jane</GivenName>
              <FamilyName>Doe</FamilyName>
            </PersonName>
            <Title></Title>
          </Contact>
          <SchoolOrInstitution schoolType="">
            <SchoolName>UCLA</SchoolName>
          </SchoolOrInstitution>
          <Attendance>
            <VerificationRequired>false</VerificationRequired>
            <DegreeType>BSc</DegreeType>
            <Major>Physics</Major>
            <StartDate>
              <YearMonth>2012-09-01</YearMonth>
            </StartDate>
            <EndDate>
              <YearMonth>2016-06-01</YearMonth>
            </EndDate>
            <CurrentlyAttending>false</CurrentlyAttending>
          </Attendance>
        </EducationInput>
      </EducationVerificationReport>
    </Screening>
  </EducationScreening>
</EducationScreeningList>

