<EmploymentScreeningList>
    <EmploymentScreening xmlns:xsi="http://www.w3.org/2001/XMLSchema-instance" xsi:noNamespaceSchemaLocation="https://edb.hireright.com/specs/dialects/EmploymentScreening1-0_hrxml2-5.xsd">
        <Screening type="employment" version="1">
            <ProducerReferenceId idOwner="urn:hivp.hireright.com">
                <IdValue name="OrderServiceNo">OR-122024-CZ896-EM-002</IdValue>
                <IdValue name="ServiceId">4</IdValue>
                <IdValue name="TALXEmployerCode">27473129</IdValue>
            </ProducerReferenceId>
            <ProviderReferenceId idOwner="urn:hivp.hireright.com">
                <IdValue name="SRVRTID">971889510268</IdValue>
            </ProviderReferenceId>
            <EmploymentVerificationReport>
                <EmploymentResult>
                    <EmploymentHistory>
                        <EmployerOrg>
                            <EmployerOrgName>WARWICK HEALTH CENTRE INC</EmployerOrgName>
                            <EmployerContactInfo>
                                <LocationSummary>
                                    <Municipality>WARWICK</Municipality>
                                    <Region>RI</Region>
                                    <CountryCode/>
                                </LocationSummary>
                            </EmployerContactInfo>
                            <PositionHistory>
                                <Title>RN</Title>
                                <StartDate>
                                    <AnyDate>2023-05-18</AnyDate>
                                </StartDate>
                                <EndDate>
                                    <AnyDate>2023-05-22</AnyDate>
                                </EndDate>
                                <MostRecentHireDate>
                                    <AnyDate>2023-05-18</AnyDate>
                                </MostRecentHireDate>
                                <EmployeeStatus code="8">Inactive</EmployeeStatus>
                                <CompensationInfo currency="USD">
                                    <RateOfPay/>
                                    <AverageHoursPerPayPeriod/>
                                    <DateOfPayIncreaseLast>
                                        <AnyDate>notKnown</AnyDate>
                                    </DateOfPayIncreaseLast>
                                    <AmountOfPayIncreaseLast/>
                                    <DateOfPayIncreaseNext>
                                        <AnyDate>notKnown</AnyDate>
                                    </DateOfPayIncreaseNext>
                                    <AmountOfPayIncreaseNext/>
                                </CompensationInfo>
                            </PositionHistory>
                        </EmployerOrg>
                    </EmploymentHistory>
                </EmploymentResult>
            </EmploymentVerificationReport>
        </Screening>
    </EmploymentScreening>
    <EmploymentScreening xmlns:xsi="http://www.w3.org/2001/XMLSchema-instance" xsi:noNamespaceSchemaLocation="https://edb.hireright.com/specs/dialects/EmploymentScreening1-0_hrxml2-5.xsd">
        <Screening type="employment" version="1">
            <ProducerReferenceId idOwner="urn:hivp.hireright.com">
                <IdValue name="OrderServiceNo">OR-122024-CZ896-EM-002</IdValue>
                <IdValue name="ServiceId">4</IdValue>
                <IdValue name="TALXEmployerCode">14245</IdValue>
            </ProducerReferenceId>
            <ProviderReferenceId idOwner="urn:hivp.hireright.com">
                <IdValue name="SRVRTID">971889510261</IdValue>
            </ProviderReferenceId>
            <EmploymentVerificationReport>
                <EmploymentResult>
                    <EmploymentHistory>
                        <EmployerOrg>
                            <EmployerOrgName>Supplemental Health Care</EmployerOrgName>
                            <EmployerContactInfo>
                                <LocationSummary>
                                    <Municipality>Cottonwood Heights</Municipality>
                                    <Region>UT</Region>
                                    <CountryCode/>
                                </LocationSummary>
                            </EmployerContactInfo>
                            <PositionHistory>
                                <Title>SHC - Field Talent</Title>
                                <StartDate>
                                    <AnyDate>2023-11-16</AnyDate>
                                </StartDate>
                                <EndDate>
                                    <AnyDate>2024-07-18</AnyDate>
                                </EndDate>
                                <MostRecentHireDate>
                                    <AnyDate>2023-11-19</AnyDate>
                                </MostRecentHireDate>
                                <EmployeeStatus code="8">Inactive</EmployeeStatus>
                                <CompensationInfo currency="USD">
                                    <RateOfPay/>
                                    <AverageHoursPerPayPeriod/>
                                    <DateOfPayIncreaseLast>
                                        <AnyDate>notKnown</AnyDate>
                                    </DateOfPayIncreaseLast>
                                    <AmountOfPayIncreaseLast/>
                                    <DateOfPayIncreaseNext>
                                        <AnyDate>notKnown</AnyDate>
                                    </DateOfPayIncreaseNext>
                                    <AmountOfPayIncreaseNext/>
                                </CompensationInfo>
                            </PositionHistory>
                        </EmployerOrg>
                    </EmploymentHistory>
                </EmploymentResult>
            </EmploymentVerificationReport>
        </Screening>
    </EmploymentScreening>
</EmploymentScreeningList>

