<?xml version="1.0" encoding="UTF-8"?>
<!--	$Source: /usr/local/cvsroot/projects_src/lib/java_sdk/src/main/db/ddl.xml,v $
			$Revision: 1.2 $ $Date: 2009/05/22 06:38:54 $ $Author: asolntsev $
	-->
<databaseChangeLog xmlns="http://www.liquibase.org/xml/ns/dbchangelog/1.8" xmlns:xsi="http://www.w3.org/2001/XMLSchema-instance" xsi:schemaLocation="http://www.liquibase.org/xml/ns/dbchangelog/1.8 http://www.liquibase.org/xml/ns/dbchangelog/dbchangelog-1.8.xsd">
	<changeSet author="asolntsev" id="java_sdk.00001.create_table">

		<preConditions>
			<not>
				<tableExists tableName="JAVA_SETTINGS" />
     </not>
		</preConditions>
		<createTable tableName="JAVA_SETTINGS">
			<column name="name" type="varchar2(64)">
				<!--<constraints primaryKey="true" nullable="false" />-->
				<constraints unique="true" nullable="false" />
			</column>
			<column name="value" type="varchar(512)">
				<constraints nullable="false" />
			</column>
			<column name="comments" type="varchar(255)" />
		</createTable>
		<rollback>
			<dropTable tableName="JAVA_SETTINGS" />
		</rollback>
	</changeSet>
</databaseChangeLog>
